<?xml version="1.0" encoding="UTF-8" ?>
<extension type="package" version="3.4" method="upgrade">
  <name>Acumulus Package</name>
  <packagename>acumulus</packagename>
  <creationDate>December 2015</creationDate>
  <author>Buro RaDer</author>
  <authorEmail>support@burorader.com</authorEmail>
  <authorUrl>https://burorader.com/</authorUrl>
  <copyright>SIEL BV https://www.siel.nl/acumulus/</copyright>
  <license>GNU GENERAL PUBLIC LICENSE Version 3</license>
  <!--  The version string is recorded in the extension table -->
  <version>5.9.0</version>
  <description>Acumulus package voor VirtueMart en HikaShop</description>

  <files folder="packages">
    <file type="component" id="com_acumulus" >com_acumulus.zip</file>
    <file type="plugin" id="acumulus" group="vmcoupon">plg_acumulus_vm3.zip</file>
    <file type="plugin" id="acumulus" group="hikashop">plg_acumulus_hs.zip</file>
  </files>

  <updateservers>
    <server type="extension" name="SIEL Acumulus Update Site">https://raw.githubusercontent.com/SIELOnline/Acumulus-Update-Server-for-Joomla/master/version.xml</server>
  </updateservers>
</extension>
 